Suburb,Service,Image Prompt
Berwick,Roof Restorations,"Graphic design ad for roof restorations in Berwick. Split-screen before-and-after of a faded tiled roof restored to a fresh painted finish. Bold headline âRoof Restorations in Berwickâ. Charcoal background with safety blue highlight. Include Call Kaids Roofing logo, 10-Year Warranty badge, and phone number 0435 900 709."
Beaconsfield,Roof Repointing,"Minimalist ad design for roof repointing in Beaconsfield. Close-up of cracked ridge caps transformed to smooth, freshly pointed caps. Blue gradient overlay with strong typography. Include trust badge, Call Kaids Roofing logo, and ABN 39475055075."
Narre Warren South,Roof Cleaning,"Modern ad showing high-pressure washing on tiled roof in Narre Warren South. Half roof dirty, half freshly cleaned. Headline in safety blue: âRoof Cleaning in Narre Warren Southâ. Include Call Kaids Roofing branding, contact details, and subtle Facebook icon."
Rowville,Roof Restorations,"Hero shot of a full house with roof restored in Rowville. Soft gradient background with headline âRoof Restorations Rowvilleâ. Professional, trust-focused layout with Call Kaids Roofing logo, warranty seal, and phone number highlighted."
Wheelers Hill,Reroofing,"Premium ad design for reroofing in Wheelers Hill. Aerial angle of old roof being replaced with sleek new tiles. Charcoal frame with safety blue headline. Include logo, âBook Your Reroof Consultationâ, and ABN number."
Glen Waverley,Roof Painting,"Clean ad with roller painting across roof tiles, showing old faded section vs vibrant new coating. Headline âRoof Painting Glen Waverleyâ. Blue and white accents, Call Kaids Roofing logo, and warranty badge at bottom corner."
Mount Waverley,Roof Repointing,"Detailed close-up of ridge repointing in Mount Waverley. One side cracked and old, other side smooth and sealed. Text overlay âRepointing in Mount Waverleyâ. Professional charcoal and safety blue design with company details and contact number."
Mulgrave,Roof Restorations,"Lifestyle ad of a family home with freshly restored tiled roof in Mulgrave. Headline in bold: âRoof Restorations Mulgraveâ. Include Call Kaids Roofing logo, warranty icon, and free quote call-to-action. Professional and trustworthy."
Endeavour Hills,Roof Cleaning,"Before-and-after roof cleaning showcase in Endeavour Hills. Left side dark and mossy, right side spotless. Overlay text: âProfessional Roof Cleaning Endeavour Hillsâ. Blue gradient bottom bar with phone number and email."
Dandenong North,Roof Repointing,"Focused ad design for Dandenong North showing ridge tile cracks vs repaired ridges. Headline âRoof Repointing Dandenong Northâ. Minimal text, strong visual contrast, trust badge and contact details included."
Keysborough,Roof Restorations,"Bold ad with full restored roof against suburban street backdrop in Keysborough. Headline âRoof Restorations Keysboroughâ. Call Kaids Roofing logo at bottom center, warranty badge, and contact info in safety blue highlight."
Springvale South,Roof Painting,"Modern ad showing paint sprayer applying fresh coat to roof tiles in Springvale South. Top caption: âRoof Painting Springvale Southâ. Include Call Kaids Roofing branding, trust badge, and call-to-action for free quote."
Frankston South,Reroofing,"Professional reroofing ad for Frankston South. Old roof half-demolished, new roof tiles being laid. Strong headline text, coastal vibe background gradient. Branding details at bottom with ABN and contact details."
Carrum Downs,Roof Cleaning & Repointing,"Dual-panel ad showing Carrum Downs roof: one half freshly pressure cleaned, one half newly repointed ridges. Headline: âRoof Cleaning & Repointing Carrum Downsâ. Charcoal background with safety blue highlights, Call Kaids Roofing branding and warranty badge."
Cranbourne North,Roof Restorations,"High-impact ad for Cranbourne North roof restorations. Full house shot with newly restored roof, shining tiles under sunlight. Large headline: âRoof Restorations Cranbourne Northâ. Branding elements, free quote CTA, and Call Kaids Roofing logo included."
,,
,,
,,
,,
Berwick,Roof Restorations,"Graphic design ad for roof restorations in Berwick. Split-screen before-and-after of a faded tiled roof restored to a fresh painted finish. Bold headline âRoof Restorations in Berwickâ. Charcoal background with safety blue highlight. Include Call Kaids Roofing logo, 10-Year Warranty badge, and phone number 0435 900 709."