{
  "$id": "mkf_quote_schema",
  "type": "object",
  "required": [
    "quote_id",
    "lead_id",
    "totals_inc_gst",
    "options"
  ],
  "properties": {
    "quote_id": {
      "type": "string"
    },
    "lead_id": {
      "type": "string"
    },
    "roof_area_m2": {
      "type": "number"
    },
    "ridges_lm": {
      "type": "number"
    },
    "valleys_lm": {
      "type": "number"
    },
    "tile_allowance": {
      "type": "integer"
    },
    "options": {
      "type": "object",
      "properties": {
        "A": {
          "type": "string"
        },
        "B": {
          "type": "string"
        },
        "C": {
          "type": "string"
        }
      }
    },
    "totals_inc_gst": {
      "type": "number"
    },
    "validity": {
      "type": "string"
    },
    "warranty_tier": {
      "type": "string"
    },
    "payment_terms": {
      "type": "string"
    }
  }
}