{
  "extracted": [
    {
      "zip": "/mnt/data/01_Agent_Core.zip",
      "to": "/mnt/data/CKR_SYSTEM_v5/imports/01_Agent_Core"
    },
    {
      "zip": "/mnt/data/02_Brand_SEO.zip",
      "to": "/mnt/data/CKR_SYSTEM_v5/imports/02_Brand_SEO"
    },
    {
      "zip": "/mnt/data/03_KnowledgeFiles.zip",
      "to": "/mnt/data/CKR_SYSTEM_v5/imports/03_KnowledgeFiles"
    },
    {
      "zip": "/mnt/data/04_Workflows_GWA.zip",
      "to": "/mnt/data/CKR_SYSTEM_v5/imports/04_Workflows_GWA"
    },
    {
      "zip": "/mnt/data/05_Prompts_Metadata.zip",
      "to": "/mnt/data/CKR_SYSTEM_v5/imports/05_Prompts_Metadata"
    },
    {
      "zip": "/mnt/data/2025-10-12_08_30.zip",
      "to": "/mnt/data/CKR_SYSTEM_v5/imports/2025-10-12_08_30"
    },
    {
      "zip": "/mnt/data/CKR_GEM_v4.0_Prompt_Full_Blueprint (1).zip",
      "to": "/mnt/data/CKR_SYSTEM_v5/imports/CKR_GEM_v4.0_Prompt_Full_Blueprint_(1)"
    },
    {
      "zip": "/mnt/data/CKR_MKF_v1_0.zip",
      "to": "/mnt/data/CKR_SYSTEM_v5/imports/CKR_MKF_v1_0"
    },
    {
      "zip": "/mnt/data/CKR_SYSTEM_v5.zip",
      "to": "/mnt/data/CKR_SYSTEM_v5/imports/CKR_SYSTEM_v5"
    }
  ],
  "errors": [],
  "file_count": 149,
  "generated_at": "2025-11-10T23:30:04.215371"
}