[
  {
    "path": "imports/01_Agent_Core/00_README/README_AgenticWorkers.md",
    "size": 1336
  },
  {
    "path": "imports/01_Agent_Core/01_Agent/persona.txt",
    "size": 1728
  },
  {
    "path": "imports/01_Agent_Core/01_Agent/description.txt",
    "size": 246
  },
  {
    "path": "imports/01_Agent_Core/01_Agent/memory_seeds.json",
    "size": 477
  },
  {
    "path": "imports/02_Brand_SEO/02_Brand/CKR_01_BRAND_&_VOICE_MANDATE .yaml",
    "size": 10676
  },
  {
    "path": "imports/02_Brand_SEO/02_Brand/CKR_02_WEB_DESIGN_SYSTEM.json",
    "size": 5043
  },
  {
    "path": "imports/02_Brand_SEO/02_Brand/CKR_03_SEO_KEYWORD_MATRIX.csv",
    "size": 9276
  },
  {
    "path": "imports/02_Brand_SEO/02_Brand/CKR_04_PROOF_POINTS.json",
    "size": 8301
  },
  {
    "path": "imports/02_Brand_SEO/02_Brand/CKR_05_SERVICE_HIERARCHY_&_SOP_SUMMARY.yaml",
    "size": 5963
  },
  {
    "path": "imports/03_KnowledgeFiles/03_KnowledgeFiles/KF_00_SYSTEM META_&_GOVERNANCE_DOCTRINE.md",
    "size": 6466
  },
  {
    "path": "imports/03_KnowledgeFiles/03_KnowledgeFiles/KF_01_&_10_BRANCE_SYSTEM_CORE_MANDATE.txt",
    "size": 98808
  },
  {
    "path": "imports/03_KnowledgeFiles/03_KnowledgeFiles/KF_02_PRICING_MODEL.json",
    "size": 19726
  },
  {
    "path": "imports/03_KnowledgeFiles/03_KnowledgeFiles/KF_03_-_05_SOP_ALL.txt",
    "size": 118094
  },
  {
    "path": "imports/03_KnowledgeFiles/03_KnowledgeFiles/KF_06_WEB_DEVELOPMENT_DOCTRINE.txt",
    "size": 9875
  },
  {
    "path": "imports/03_KnowledgeFiles/03_KnowledgeFiles/KF_06_&_09_MARKETING_COPY_KIT_&_VOICE_TONE.txt",
    "size": 80236
  },
  {
    "path": "imports/03_KnowledgeFiles/03_KnowledgeFiles/KF_07_SYSTEM_INTEGRATION_MAP.md",
    "size": 10070
  },
  {
    "path": "imports/03_KnowledgeFiles/03_KnowledgeFiles/KF_08_CASE_STUDIES.json",
    "size": 11384
  },
  {
    "path": "imports/04_Workflows_GWA/04_Workflows_GWA/KNOWLEDGE_FILE__GWA_FILE_03_PROJECT_CLOSEOUT.md",
    "size": 3417
  },
  {
    "path": "imports/04_Workflows_GWA/04_Workflows_GWA/KNOWLEDGE_FILE__GWA_FILE_05_REPUTATION_ALERT.md",
    "size": 3167
  },
  {
    "path": "imports/04_Workflows_GWA/04_Workflows_GWA/KNOWLEDGE_FILE__GWA_FILE_06_QUOTE_FOLLOWUP.md",
    "size": 2663
  },
  {
    "path": "imports/04_Workflows_GWA/04_Workflows_GWA/KNOWLEDGE_FILE__GWA_FILE_07_CASE_STUDY_DRAFTING.md",
    "size": 3354
  },
  {
    "path": "imports/04_Workflows_GWA/04_Workflows_GWA/KNOWLEDGE_FILE__GWA_FILE_08_SUBCONTRACTOR_BRIEFING.md",
    "size": 3037
  },
  {
    "path": "imports/04_Workflows_GWA/04_Workflows_GWA/KNOWLEDGE_FILE__GWA_FILE_09_MARKETING_GENERATION.m.md",
    "size": 3369
  },
  {
    "path": "imports/04_Workflows_GWA/04_Workflows_GWA/KNOWLEDGE_FILE__GWA_FILE_10_FINANCIAL_REPORTING.md",
    "size": 3416
  },
  {
    "path": "imports/04_Workflows_GWA/04_Workflows_GWA/KNOWLEDGE_FILE__GWA_FILE_11_SOP_RISK_ASSESSMENT.md",
    "size": 3139
  },
  {
    "path": "imports/04_Workflows_GWA/04_Workflows_GWA/KNOWLEDGE_FILE__GWA_FILE_12_INTELLIGENT_TRIAGE.md",
    "size": 3527
  },
  {
    "path": "imports/04_Workflows_GWA/04_Workflows_GWA/KNOWLEDGE_FILE__GWA_FILE_13_LEAD_NURTURE.md",
    "size": 3296
  },
  {
    "path": "imports/04_Workflows_GWA/04_Workflows_GWA/KNOWLEDGE_FILE__GWA_FILE_14_SYSTEMS_ORCHESTRATOR.m_1.md",
    "size": 36007
  },
  {
    "path": "imports/05_Prompts_Metadata/05_Prompts/CKR_System_Rules.md",
    "size": 1059
  },
  {
    "path": "imports/05_Prompts_Metadata/05_Prompts/CKR_GEM_Persona_Extract.md",
    "size": 597
  },
  {
    "path": "imports/05_Prompts_Metadata/06_Metadata/brand_constants.json",
    "size": 337
  },
  {
    "path": "imports/05_Prompts_Metadata/06_Metadata/service_area.json",
    "size": 223
  },
  {
    "path": "imports/05_Prompts_Metadata/06_Metadata/ctas.json",
    "size": 114
  },
  {
    "path": "imports/05_Prompts_Metadata/06_Metadata/warranties.json",
    "size": 182
  },
  {
    "path": "imports/2025-10-12_08_30/2025-10-12_08_30/Proof In Every Roof - Ad 10.mp4",
    "size": 2529815
  },
  {
    "path": "imports/2025-10-12_08_30/2025-10-12_08_30/Join the Durable Defence Trend - Ad 11.png",
    "size": 1388014
  },
  {
    "path": "imports/2025-10-12_08_30/2025-10-12_08_30/Proof In Every Roof - Ad 12.png",
    "size": 1163511
  },
  {
    "path": "imports/2025-10-12_08_30/2025-10-12_08_30/Proof In Every Roof - Ad 13.png",
    "size": 1000970
  },
  {
    "path": "imports/2025-10-12_08_30/2025-10-12_08_30/Proof In Every Roof - Ad 14.png",
    "size": 1345294
  },
  {
    "path": "imports/CKR_GEM_v4.0_Prompt_Full_Blueprint_(1)/CKR_GEM_v4.0_01_Preamble_and_Mission.md",
    "size": 988
  },
  {
    "path": "imports/CKR_GEM_v4.0_Prompt_Full_Blueprint_(1)/CKR_GEM_v4.0_02_Brand_Doctrine_and_Identity.md",
    "size": 104338
  },
  {
    "path": "imports/CKR_GEM_v4.0_Prompt_Full_Blueprint_(1)/CKR_GEM_v4.0_03_Core_Architecture_RAG_and_Generative.md",
    "size": 244638
  },
  {
    "path": "imports/CKR_GEM_v4.0_Prompt_Full_Blueprint_(1)/CKR_GEM_v4.0_04_Multi_Agent_System_GWAs.md",
    "size": 104482
  },
  {
    "path": "imports/CKR_GEM_v4.0_Prompt_Full_Blueprint_(1)/CKR_GEM_v4.0_05_Data_and_Security_Layer.md",
    "size": 10430
  },
  {
    "path": "imports/CKR_GEM_v4.0_Prompt_Full_Blueprint_(1)/CKR_GEM_v4.0_06_Tools_and_Integrations.md",
    "size": 864
  },
  {
    "path": "imports/CKR_GEM_v4.0_Prompt_Full_Blueprint_(1)/CKR_GEM_v4.0_07_Memory_Context_and_Learning.md",
    "size": 353
  },
  {
    "path": "imports/CKR_GEM_v4.0_Prompt_Full_Blueprint_(1)/CKR_GEM_v4.0_08_Workflow_and_Execution_Logic.md",
    "size": 441
  },
  {
    "path": "imports/CKR_GEM_v4.0_Prompt_Full_Blueprint_(1)/CKR_GEM_v4.0_09_Deployment_and_CICD.md",
    "size": 334
  },
  {
    "path": "imports/CKR_GEM_v4.0_Prompt_Full_Blueprint_(1)/CKR_GEM_v4.0_10_Output_Voice_and_Formatting.md",
    "size": 464
  },
  {
    "path": "imports/CKR_GEM_v4.0_Prompt_Full_Blueprint_(1)/CKR_GEM_v4.0_11_Environment_Variables.md",
    "size": 1198
  },
  {
    "path": "imports/CKR_GEM_v4.0_Prompt_Full_Blueprint_(1)/CKR_GEM_v4.0_12_Compliance_and_Governance.md",
    "size": 341
  },
  {
    "path": "imports/CKR_GEM_v4.0_Prompt_Full_Blueprint_(1)/CKR_GEM_v4.0_13_Example_Invocation_and_RAG_Schema.md",
    "size": 1002
  },
  {
    "path": "imports/CKR_GEM_v4.0_Prompt_Full_Blueprint_(1)/README.md",
    "size": 754
  },
  {
    "path": "imports/CKR_MKF_v1_0/CKR_MKF_v1_0/README.md",
    "size": 1615
  },
  {
    "path": "imports/CKR_MKF_v1_0/CKR_MKF_v1_0/source/CKR_01_BRAND_&_VOICE_MANDATE .yaml",
    "size": 10676
  },
  {
    "path": "imports/CKR_MKF_v1_0/CKR_MKF_v1_0/source/CKR_02_WEB_DESIGN_SYSTEM.json",
    "size": 5043
  },
  {
    "path": "imports/CKR_MKF_v1_0/CKR_MKF_v1_0/source/CKR_03_SEO_KEYWORD_MATRIX.csv",
    "size": 9276
  },
  {
    "path": "imports/CKR_MKF_v1_0/CKR_MKF_v1_0/source/CKR_04_PROOF_POINTS.json",
    "size": 8301
  },
  {
    "path": "imports/CKR_MKF_v1_0/CKR_MKF_v1_0/source/CKR_05_SERVICE_HIERARCHY_&_SOP_SUMMARY.yaml",
    "size": 5963
  },
  {
    "path": "imports/CKR_MKF_v1_0/CKR_MKF_v1_0/source/KF_00_SYSTEM META_&_GOVERNANCE_DOCTRINE.md",
    "size": 6466
  },
  {
    "path": "imports/CKR_MKF_v1_0/CKR_MKF_v1_0/source/KF_01_&_10_BRANCE_SYSTEM_CORE_MANDATE.txt",
    "size": 98808
  },
  {
    "path": "imports/CKR_MKF_v1_0/CKR_MKF_v1_0/source/KF_02_PRICING_MODEL.json",
    "size": 19726
  },
  {
    "path": "imports/CKR_MKF_v1_0/CKR_MKF_v1_0/source/KF_03_-_05_SOP_ALL.txt",
    "size": 118094
  },
  {
    "path": "imports/CKR_MKF_v1_0/CKR_MKF_v1_0/source/KF_06_&_09_MARKETING_COPY_KIT_&_VOICE_TONE.txt",
    "size": 80236
  },
  {
    "path": "imports/CKR_MKF_v1_0/CKR_MKF_v1_0/source/KF_06_WEB_DEVELOPMENT_DOCTRINE.txt",
    "size": 9875
  },
  {
    "path": "imports/CKR_MKF_v1_0/CKR_MKF_v1_0/source/KF_07_SYSTEM_INTEGRATION_MAP.md",
    "size": 10070
  },
  {
    "path": "imports/CKR_MKF_v1_0/CKR_MKF_v1_0/source/KF_08_CASE_STUDIES.json",
    "size": 11384
  },
  {
    "path": "imports/CKR_MKF_v1_0/CKR_MKF_v1_0/source/KNOWLEDGE_FILE__GWA_FILE_03_PROJECT_CLOSEOUT.md",
    "size": 3417
  },
  {
    "path": "imports/CKR_MKF_v1_0/CKR_MKF_v1_0/source/KNOWLEDGE_FILE__GWA_FILE_05_REPUTATION_ALERT.md",
    "size": 3167
  },
  {
    "path": "imports/CKR_MKF_v1_0/CKR_MKF_v1_0/source/KNOWLEDGE_FILE__GWA_FILE_06_QUOTE_FOLLOWUP.md",
    "size": 2663
  },
  {
    "path": "imports/CKR_MKF_v1_0/CKR_MKF_v1_0/source/KNOWLEDGE_FILE__GWA_FILE_07_CASE_STUDY_DRAFTING.md",
    "size": 3354
  },
  {
    "path": "imports/CKR_MKF_v1_0/CKR_MKF_v1_0/source/KNOWLEDGE_FILE__GWA_FILE_08_SUBCONTRACTOR_BRIEFING.md",
    "size": 3037
  },
  {
    "path": "imports/CKR_MKF_v1_0/CKR_MKF_v1_0/source/KNOWLEDGE_FILE__GWA_FILE_09_MARKETING_GENERATION.m.md",
    "size": 3369
  },
  {
    "path": "imports/CKR_MKF_v1_0/CKR_MKF_v1_0/source/KNOWLEDGE_FILE__GWA_FILE_10_FINANCIAL_REPORTING.md",
    "size": 3416
  },
  {
    "path": "imports/CKR_MKF_v1_0/CKR_MKF_v1_0/source/KNOWLEDGE_FILE__GWA_FILE_11_SOP_RISK_ASSESSMENT.md",
    "size": 3139
  },
  {
    "path": "imports/CKR_MKF_v1_0/CKR_MKF_v1_0/source/KNOWLEDGE_FILE__GWA_FILE_12_INTELLIGENT_TRIAGE.md",
    "size": 3527
  },
  {
    "path": "imports/CKR_MKF_v1_0/CKR_MKF_v1_0/source/KNOWLEDGE_FILE__GWA_FILE_13_LEAD_NURTURE.md",
    "size": 3296
  },
  {
    "path": "imports/CKR_MKF_v1_0/CKR_MKF_v1_0/source/KNOWLEDGE_FILE__GWA_FILE_14_SYSTEMS_ORCHESTRATOR.m.md",
    "size": 36007
  },
  {
    "path": "imports/CKR_MKF_v1_0/CKR_MKF_v1_0/source/KNOWLEDGE_FILE__GWA_FILE_14_SYSTEMS_ORCHESTRATOR.m_1.md",
    "size": 36007
  },
  {
    "path": "imports/CKR_MKF_v1_0/CKR_MKF_v1_0/mkf/mkf_index.json",
    "size": 3070
  },
  {
    "path": "imports/CKR_MKF_v1_0/CKR_MKF_v1_0/mkf/MKF_00.md",
    "size": 17847
  },
  {
    "path": "imports/CKR_MKF_v1_0/CKR_MKF_v1_0/mkf/MKF_01.md",
    "size": 90439
  },
  {
    "path": "imports/CKR_MKF_v1_0/CKR_MKF_v1_0/mkf/MKF_02.md",
    "size": 15167
  },
  {
    "path": "imports/CKR_MKF_v1_0/CKR_MKF_v1_0/mkf/MKF_03.md",
    "size": 9516
  },
  {
    "path": "imports/CKR_MKF_v1_0/CKR_MKF_v1_0/mkf/MKF_04.md",
    "size": 19839
  },
  {
    "path": "imports/CKR_MKF_v1_0/CKR_MKF_v1_0/mkf/MKF_05.md",
    "size": 123402
  },
  {
    "path": "imports/CKR_MKF_v1_0/CKR_MKF_v1_0/mkf/MKF_06.md",
    "size": 79722
  },
  {
    "path": "imports/CKR_MKF_v1_0/CKR_MKF_v1_0/mkf/MKF_07.md",
    "size": 10224
  },
  {
    "path": "imports/CKR_MKF_v1_0/CKR_MKF_v1_0/mkf/MKF_08.md",
    "size": 11428
  },
  {
    "path": "imports/CKR_MKF_v1_0/CKR_MKF_v1_0/mkf/MKF_09.md",
    "size": 3548
  },
  {
    "path": "imports/CKR_MKF_v1_0/CKR_MKF_v1_0/mkf/MKF_10.md",
    "size": 3587
  },
  {
    "path": "imports/CKR_MKF_v1_0/CKR_MKF_v1_0/mkf/MKF_11.md",
    "size": 3313
  },
  {
    "path": "imports/CKR_MKF_v1_0/CKR_MKF_v1_0/mkf/MKF_12.md",
    "size": 3696
  },
  {
    "path": "imports/CKR_MKF_v1_0/CKR_MKF_v1_0/mkf/MKF_13.md",
    "size": 3460
  },
  {
    "path": "imports/CKR_MKF_v1_0/CKR_MKF_v1_0/mkf/MKF_14.md",
    "size": 35975
  },
  {
    "path": "imports/CKR_MKF_v1_0/CKR_MKF_v1_0/mkf/schemas/mkf_case_study_schema.json",
    "size": 747
  },
  {
    "path": "imports/CKR_MKF_v1_0/CKR_MKF_v1_0/mkf/schemas/mkf_quote_schema.json",
    "size": 906
  },
  {
    "path": "imports/CKR_MKF_v1_0/CKR_MKF_v1_0/mkf/schemas/mkf_measurement_schema.json",
    "size": 611
  },
  {
    "path": "imports/CKR_MKF_v1_0/CKR_MKF_v1_0/code_snippets/ProtectedLayout.tsx",
    "size": 1132
  },
  {
    "path": "imports/CKR_MKF_v1_0/CKR_MKF_v1_0/code_snippets/useQuerySafe.ts",
    "size": 841
  },
  {
    "path": "imports/CKR_MKF_v1_0/CKR_MKF_v1_0/code_snippets/audit.ts",
    "size": 473
  },
  {
    "path": "imports/CKR_MKF_v1_0/CKR_MKF_v1_0/code_snippets/SkeletonCard.tsx",
    "size": 115
  },
  {
    "path": "imports/CKR_MKF_v1_0/CKR_MKF_v1_0/code_snippets/Breadcrumbs.tsx",
    "size": 485
  },
  {
    "path": "imports/CKR_MKF_v1_0/CKR_MKF_v1_0/code_snippets/MapsKeyBanner.tsx",
    "size": 375
  },
  {
    "path": "imports/CKR_SYSTEM_v5/README.md",
    "size": 322
  },
  {
    "path": "imports/CKR_SYSTEM_v5/core/KF_01_BRAND_AND_VOICE.yaml",
    "size": 10676
  },
  {
    "path": "imports/CKR_SYSTEM_v5/core/KF_05_SERVICE_HIERARCHY_AND_SOP_SUMMARY.yaml",
    "size": 5963
  },
  {
    "path": "imports/CKR_SYSTEM_v5/core/KF_00_SYSTEM_META_AND_GOVERNANCE_DOCTRINE.md",
    "size": 6466
  },
  {
    "path": "imports/CKR_SYSTEM_v5/core/KF_01_AND_10_BRAND_SYSTEM_CORE_MANDATE.txt",
    "size": 98808
  },
  {
    "path": "imports/CKR_SYSTEM_v5/core/KF_02_PRICING_MODEL.json",
    "size": 19726
  },
  {
    "path": "imports/CKR_SYSTEM_v5/core/KF_03_05_SOP_ALL.txt",
    "size": 118094
  },
  {
    "path": "imports/CKR_SYSTEM_v5/core/KF_06_WEB_DEVELOPMENT_DOCTRINE.txt",
    "size": 9875
  },
  {
    "path": "imports/CKR_SYSTEM_v5/core/KF_06_09_MARKETING_COPY_KIT_AND_VOICE_TONE.txt",
    "size": 80236
  },
  {
    "path": "imports/CKR_SYSTEM_v5/core/KF_07_SYSTEM_INTEGRATION_MAP.md",
    "size": 10070
  },
  {
    "path": "imports/CKR_SYSTEM_v5/core/KF_08_CASE_STUDIES.json",
    "size": 11384
  },
  {
    "path": "imports/CKR_SYSTEM_v5/deploy/lovable_manifest.json",
    "size": 648
  },
  {
    "path": "imports/CKR_SYSTEM_v5/deploy/github_actions.yaml",
    "size": 226
  },
  {
    "path": "imports/CKR_SYSTEM_v5/deploy/supabase_config.json",
    "size": 118
  },
  {
    "path": "imports/CKR_SYSTEM_v5/deploy/env.example",
    "size": 72
  },
  {
    "path": "imports/CKR_SYSTEM_v5/deploy/README_DEPLOY.md",
    "size": 213
  },
  {
    "path": "imports/CKR_SYSTEM_v5/frontend/CKR_02_WEB_DESIGN_SYSTEM.json",
    "size": 5043
  },
  {
    "path": "imports/CKR_SYSTEM_v5/frontend/CKR_03_SEO_KEYWORD_MATRIX.csv",
    "size": 9276
  },
  {
    "path": "imports/CKR_SYSTEM_v5/frontend/CKR_04_PROOF_POINTS.json",
    "size": 8301
  },
  {
    "path": "imports/CKR_SYSTEM_v5/frontend/brand_assets/colours.yaml",
    "size": 104
  },
  {
    "path": "imports/CKR_SYSTEM_v5/frontend/brand_assets/typography.yaml",
    "size": 199
  },
  {
    "path": "imports/CKR_SYSTEM_v5/frontend/brand_assets/slogans.yaml",
    "size": 115
  },
  {
    "path": "imports/CKR_SYSTEM_v5/frontend/brand_assets/visuals.md",
    "size": 171
  },
  {
    "path": "imports/CKR_SYSTEM_v5/gwa/GWA_FILE_14_SYSTEMS_ORCHESTRATOR.md",
    "size": 36007
  },
  {
    "path": "imports/CKR_SYSTEM_v5/gwa/GWA_FILE_12_INTELLIGENT_TRIAGE.md",
    "size": 3527
  },
  {
    "path": "imports/CKR_SYSTEM_v5/gwa/GWA_FILE_13_LEAD_NURTURE.md",
    "size": 3296
  },
  {
    "path": "imports/CKR_SYSTEM_v5/gwa/GWA_FILE_11_SOP_RISK_ASSESSMENT.md",
    "size": 3139
  },
  {
    "path": "imports/CKR_SYSTEM_v5/gwa/GWA_FILE_09_MARKETING_GENERATION.md",
    "size": 3369
  },
  {
    "path": "imports/CKR_SYSTEM_v5/gwa/GWA_FILE_10_FINANCIAL_REPORTING.md",
    "size": 3416
  },
  {
    "path": "imports/CKR_SYSTEM_v5/gwa/GWA_FILE_07_CASE_STUDY_DRAFTING.md",
    "size": 3354
  },
  {
    "path": "imports/CKR_SYSTEM_v5/gwa/GWA_FILE_05_REPUTATION_ALERT.md",
    "size": 3167
  },
  {
    "path": "imports/CKR_SYSTEM_v5/gwa/GWA_FILE_08_SUBCONTRACTOR_BRIEFING.md",
    "size": 3037
  },
  {
    "path": "imports/CKR_SYSTEM_v5/gwa/GWA_FILE_06_QUOTE_FOLLOWUP.md",
    "size": 2663
  },
  {
    "path": "imports/CKR_SYSTEM_v5/gwa/GWA_FILE_03_PROJECT_CLOSEOUT.md",
    "size": 3417
  },
  {
    "path": "imports/CKR_SYSTEM_v5/prompts/CKR_GEM_v4_PROMPT.md",
    "size": 271
  },
  {
    "path": "imports/CKR_SYSTEM_v5/prompts/AGENT_CORE_PROMPT.md",
    "size": 87
  },
  {
    "path": "imports/CKR_SYSTEM_v5/prompts/META_AD_PACK_PROMPT.md",
    "size": 104
  },
  {
    "path": "imports/CKR_SYSTEM_v5/prompts/BLOG_SEO_LOCAL_PROMPT.md",
    "size": 98
  },
  {
    "path": "imports/CKR_SYSTEM_v5/prompts/FLYER_A5_PROMPT.md",
    "size": 85
  },
  {
    "path": "imports/CKR_SYSTEM_v5/schema/supabase_schema.sql",
    "size": 917
  },
  {
    "path": "imports/CKR_SYSTEM_v5/schema/supabase_seed_data.json",
    "size": 111
  },
  {
    "path": "imports/CKR_SYSTEM_v5/schema/rag_index/case_studies.jsonl",
    "size": 0
  },
  {
    "path": "imports/CKR_SYSTEM_v5/schema/rag_index/jobs.jsonl",
    "size": 0
  },
  {
    "path": "imports/CKR_SYSTEM_v5/schema/rag_index/leads.jsonl",
    "size": 0
  },
  {
    "path": "imports/CKR_SYSTEM_v5/schema/rag_index/prompts.jsonl",
    "size": 0
  }
]