{
  "timestamp": "2025-11-10T23:31:04.377074",
  "moved_count": 137,
  "skipped_count": 14,
  "moved": [
    {
      "from": "imports/01_Agent_Core/00_README/README_AgenticWorkers.md",
      "to": "core/01_Agent_Core/00_README/README_AgenticWorkers.md"
    },
    {
      "from": "imports/01_Agent_Core/01_Agent/persona.txt",
      "to": "core/01_Agent_Core/01_Agent/persona.txt"
    },
    {
      "from": "imports/01_Agent_Core/01_Agent/description.txt",
      "to": "core/01_Agent_Core/01_Agent/description.txt"
    },
    {
      "from": "imports/01_Agent_Core/01_Agent/memory_seeds.json",
      "to": "core/01_Agent_Core/01_Agent/memory_seeds.json"
    },
    {
      "from": "imports/02_Brand_SEO/02_Brand/CKR_01_BRAND_&_VOICE_MANDATE .yaml",
      "to": "core/02_Brand_SEO/02_Brand/CKR_01_BRAND_&_VOICE_MANDATE .yaml"
    },
    {
      "from": "imports/02_Brand_SEO/02_Brand/CKR_02_WEB_DESIGN_SYSTEM.json",
      "to": "core/02_Brand_SEO/02_Brand/CKR_02_WEB_DESIGN_SYSTEM.json"
    },
    {
      "from": "imports/02_Brand_SEO/02_Brand/CKR_03_SEO_KEYWORD_MATRIX.csv",
      "to": "core/02_Brand_SEO/02_Brand/CKR_03_SEO_KEYWORD_MATRIX.csv"
    },
    {
      "from": "imports/02_Brand_SEO/02_Brand/CKR_04_PROOF_POINTS.json",
      "to": "core/02_Brand_SEO/02_Brand/CKR_04_PROOF_POINTS.json"
    },
    {
      "from": "imports/02_Brand_SEO/02_Brand/CKR_05_SERVICE_HIERARCHY_&_SOP_SUMMARY.yaml",
      "to": "core/02_Brand_SEO/02_Brand/CKR_05_SERVICE_HIERARCHY_&_SOP_SUMMARY.yaml"
    },
    {
      "from": "imports/03_KnowledgeFiles/03_KnowledgeFiles/KF_00_SYSTEM META_&_GOVERNANCE_DOCTRINE.md",
      "to": "core/03_KnowledgeFiles/03_KnowledgeFiles/KF_00_SYSTEM META_&_GOVERNANCE_DOCTRINE.md"
    },
    {
      "from": "imports/03_KnowledgeFiles/03_KnowledgeFiles/KF_01_&_10_BRANCE_SYSTEM_CORE_MANDATE.txt",
      "to": "core/03_KnowledgeFiles/03_KnowledgeFiles/KF_01_&_10_BRANCE_SYSTEM_CORE_MANDATE.txt"
    },
    {
      "from": "imports/03_KnowledgeFiles/03_KnowledgeFiles/KF_02_PRICING_MODEL.json",
      "to": "core/03_KnowledgeFiles/03_KnowledgeFiles/KF_02_PRICING_MODEL.json"
    },
    {
      "from": "imports/03_KnowledgeFiles/03_KnowledgeFiles/KF_03_-_05_SOP_ALL.txt",
      "to": "core/03_KnowledgeFiles/03_KnowledgeFiles/KF_03_-_05_SOP_ALL.txt"
    },
    {
      "from": "imports/03_KnowledgeFiles/03_KnowledgeFiles/KF_06_WEB_DEVELOPMENT_DOCTRINE.txt",
      "to": "core/03_KnowledgeFiles/03_KnowledgeFiles/KF_06_WEB_DEVELOPMENT_DOCTRINE.txt"
    },
    {
      "from": "imports/03_KnowledgeFiles/03_KnowledgeFiles/KF_06_&_09_MARKETING_COPY_KIT_&_VOICE_TONE.txt",
      "to": "core/03_KnowledgeFiles/03_KnowledgeFiles/KF_06_&_09_MARKETING_COPY_KIT_&_VOICE_TONE.txt"
    },
    {
      "from": "imports/03_KnowledgeFiles/03_KnowledgeFiles/KF_07_SYSTEM_INTEGRATION_MAP.md",
      "to": "core/03_KnowledgeFiles/03_KnowledgeFiles/KF_07_SYSTEM_INTEGRATION_MAP.md"
    },
    {
      "from": "imports/03_KnowledgeFiles/03_KnowledgeFiles/KF_08_CASE_STUDIES.json",
      "to": "core/03_KnowledgeFiles/03_KnowledgeFiles/KF_08_CASE_STUDIES.json"
    },
    {
      "from": "imports/04_Workflows_GWA/04_Workflows_GWA/KNOWLEDGE_FILE__GWA_FILE_03_PROJECT_CLOSEOUT.md",
      "to": "core/04_Workflows_GWA/04_Workflows_GWA/KNOWLEDGE_FILE__GWA_FILE_03_PROJECT_CLOSEOUT.md"
    },
    {
      "from": "imports/04_Workflows_GWA/04_Workflows_GWA/KNOWLEDGE_FILE__GWA_FILE_05_REPUTATION_ALERT.md",
      "to": "core/04_Workflows_GWA/04_Workflows_GWA/KNOWLEDGE_FILE__GWA_FILE_05_REPUTATION_ALERT.md"
    },
    {
      "from": "imports/04_Workflows_GWA/04_Workflows_GWA/KNOWLEDGE_FILE__GWA_FILE_06_QUOTE_FOLLOWUP.md",
      "to": "core/04_Workflows_GWA/04_Workflows_GWA/KNOWLEDGE_FILE__GWA_FILE_06_QUOTE_FOLLOWUP.md"
    },
    {
      "from": "imports/04_Workflows_GWA/04_Workflows_GWA/KNOWLEDGE_FILE__GWA_FILE_07_CASE_STUDY_DRAFTING.md",
      "to": "core/04_Workflows_GWA/04_Workflows_GWA/KNOWLEDGE_FILE__GWA_FILE_07_CASE_STUDY_DRAFTING.md"
    },
    {
      "from": "imports/04_Workflows_GWA/04_Workflows_GWA/KNOWLEDGE_FILE__GWA_FILE_08_SUBCONTRACTOR_BRIEFING.md",
      "to": "core/04_Workflows_GWA/04_Workflows_GWA/KNOWLEDGE_FILE__GWA_FILE_08_SUBCONTRACTOR_BRIEFING.md"
    },
    {
      "from": "imports/04_Workflows_GWA/04_Workflows_GWA/KNOWLEDGE_FILE__GWA_FILE_09_MARKETING_GENERATION.m.md",
      "to": "core/04_Workflows_GWA/04_Workflows_GWA/KNOWLEDGE_FILE__GWA_FILE_09_MARKETING_GENERATION.m.md"
    },
    {
      "from": "imports/04_Workflows_GWA/04_Workflows_GWA/KNOWLEDGE_FILE__GWA_FILE_10_FINANCIAL_REPORTING.md",
      "to": "core/04_Workflows_GWA/04_Workflows_GWA/KNOWLEDGE_FILE__GWA_FILE_10_FINANCIAL_REPORTING.md"
    },
    {
      "from": "imports/04_Workflows_GWA/04_Workflows_GWA/KNOWLEDGE_FILE__GWA_FILE_11_SOP_RISK_ASSESSMENT.md",
      "to": "core/04_Workflows_GWA/04_Workflows_GWA/KNOWLEDGE_FILE__GWA_FILE_11_SOP_RISK_ASSESSMENT.md"
    },
    {
      "from": "imports/04_Workflows_GWA/04_Workflows_GWA/KNOWLEDGE_FILE__GWA_FILE_12_INTELLIGENT_TRIAGE.md",
      "to": "core/04_Workflows_GWA/04_Workflows_GWA/KNOWLEDGE_FILE__GWA_FILE_12_INTELLIGENT_TRIAGE.md"
    },
    {
      "from": "imports/04_Workflows_GWA/04_Workflows_GWA/KNOWLEDGE_FILE__GWA_FILE_13_LEAD_NURTURE.md",
      "to": "core/04_Workflows_GWA/04_Workflows_GWA/KNOWLEDGE_FILE__GWA_FILE_13_LEAD_NURTURE.md"
    },
    {
      "from": "imports/04_Workflows_GWA/04_Workflows_GWA/KNOWLEDGE_FILE__GWA_FILE_14_SYSTEMS_ORCHESTRATOR.m_1.md",
      "to": "core/04_Workflows_GWA/04_Workflows_GWA/KNOWLEDGE_FILE__GWA_FILE_14_SYSTEMS_ORCHESTRATOR.m_1.md"
    },
    {
      "from": "imports/05_Prompts_Metadata/05_Prompts/CKR_System_Rules.md",
      "to": "core/05_Prompts_Metadata/05_Prompts/CKR_System_Rules.md"
    },
    {
      "from": "imports/05_Prompts_Metadata/05_Prompts/CKR_GEM_Persona_Extract.md",
      "to": "prompts/05_Prompts_Metadata/05_Prompts/CKR_GEM_Persona_Extract.md"
    },
    {
      "from": "imports/05_Prompts_Metadata/06_Metadata/brand_constants.json",
      "to": "frontend/05_Prompts_Metadata/06_Metadata/brand_constants.json"
    },
    {
      "from": "imports/05_Prompts_Metadata/06_Metadata/service_area.json",
      "to": "core/05_Prompts_Metadata/06_Metadata/service_area.json"
    },
    {
      "from": "imports/05_Prompts_Metadata/06_Metadata/ctas.json",
      "to": "core/05_Prompts_Metadata/06_Metadata/ctas.json"
    },
    {
      "from": "imports/05_Prompts_Metadata/06_Metadata/warranties.json",
      "to": "core/05_Prompts_Metadata/06_Metadata/warranties.json"
    },
    {
      "from": "imports/CKR_GEM_v4.0_Prompt_Full_Blueprint_(1)/CKR_GEM_v4.0_01_Preamble_and_Mission.md",
      "to": "prompts/CKR_GEM_v4.0_Prompt_Full_Blueprint_(1)/CKR_GEM_v4.0_01_Preamble_and_Mission.md"
    },
    {
      "from": "imports/CKR_GEM_v4.0_Prompt_Full_Blueprint_(1)/CKR_GEM_v4.0_02_Brand_Doctrine_and_Identity.md",
      "to": "prompts/CKR_GEM_v4.0_Prompt_Full_Blueprint_(1)/CKR_GEM_v4.0_02_Brand_Doctrine_and_Identity.md"
    },
    {
      "from": "imports/CKR_GEM_v4.0_Prompt_Full_Blueprint_(1)/CKR_GEM_v4.0_03_Core_Architecture_RAG_and_Generative.md",
      "to": "prompts/CKR_GEM_v4.0_Prompt_Full_Blueprint_(1)/CKR_GEM_v4.0_03_Core_Architecture_RAG_and_Generative.md"
    },
    {
      "from": "imports/CKR_GEM_v4.0_Prompt_Full_Blueprint_(1)/CKR_GEM_v4.0_04_Multi_Agent_System_GWAs.md",
      "to": "prompts/CKR_GEM_v4.0_Prompt_Full_Blueprint_(1)/CKR_GEM_v4.0_04_Multi_Agent_System_GWAs.md"
    },
    {
      "from": "imports/CKR_GEM_v4.0_Prompt_Full_Blueprint_(1)/CKR_GEM_v4.0_05_Data_and_Security_Layer.md",
      "to": "prompts/CKR_GEM_v4.0_Prompt_Full_Blueprint_(1)/CKR_GEM_v4.0_05_Data_and_Security_Layer.md"
    },
    {
      "from": "imports/CKR_GEM_v4.0_Prompt_Full_Blueprint_(1)/CKR_GEM_v4.0_06_Tools_and_Integrations.md",
      "to": "prompts/CKR_GEM_v4.0_Prompt_Full_Blueprint_(1)/CKR_GEM_v4.0_06_Tools_and_Integrations.md"
    },
    {
      "from": "imports/CKR_GEM_v4.0_Prompt_Full_Blueprint_(1)/CKR_GEM_v4.0_07_Memory_Context_and_Learning.md",
      "to": "prompts/CKR_GEM_v4.0_Prompt_Full_Blueprint_(1)/CKR_GEM_v4.0_07_Memory_Context_and_Learning.md"
    },
    {
      "from": "imports/CKR_GEM_v4.0_Prompt_Full_Blueprint_(1)/CKR_GEM_v4.0_08_Workflow_and_Execution_Logic.md",
      "to": "prompts/CKR_GEM_v4.0_Prompt_Full_Blueprint_(1)/CKR_GEM_v4.0_08_Workflow_and_Execution_Logic.md"
    },
    {
      "from": "imports/CKR_GEM_v4.0_Prompt_Full_Blueprint_(1)/CKR_GEM_v4.0_09_Deployment_and_CICD.md",
      "to": "prompts/CKR_GEM_v4.0_Prompt_Full_Blueprint_(1)/CKR_GEM_v4.0_09_Deployment_and_CICD.md"
    },
    {
      "from": "imports/CKR_GEM_v4.0_Prompt_Full_Blueprint_(1)/CKR_GEM_v4.0_10_Output_Voice_and_Formatting.md",
      "to": "prompts/CKR_GEM_v4.0_Prompt_Full_Blueprint_(1)/CKR_GEM_v4.0_10_Output_Voice_and_Formatting.md"
    },
    {
      "from": "imports/CKR_GEM_v4.0_Prompt_Full_Blueprint_(1)/CKR_GEM_v4.0_11_Environment_Variables.md",
      "to": "prompts/CKR_GEM_v4.0_Prompt_Full_Blueprint_(1)/CKR_GEM_v4.0_11_Environment_Variables.md"
    },
    {
      "from": "imports/CKR_GEM_v4.0_Prompt_Full_Blueprint_(1)/CKR_GEM_v4.0_12_Compliance_and_Governance.md",
      "to": "prompts/CKR_GEM_v4.0_Prompt_Full_Blueprint_(1)/CKR_GEM_v4.0_12_Compliance_and_Governance.md"
    },
    {
      "from": "imports/CKR_GEM_v4.0_Prompt_Full_Blueprint_(1)/CKR_GEM_v4.0_13_Example_Invocation_and_RAG_Schema.md",
      "to": "prompts/CKR_GEM_v4.0_Prompt_Full_Blueprint_(1)/CKR_GEM_v4.0_13_Example_Invocation_and_RAG_Schema.md"
    },
    {
      "from": "imports/CKR_GEM_v4.0_Prompt_Full_Blueprint_(1)/README.md",
      "to": "prompts/CKR_GEM_v4.0_Prompt_Full_Blueprint_(1)/README.md"
    },
    {
      "from": "imports/CKR_MKF_v1_0/CKR_MKF_v1_0/README.md",
      "to": "core/CKR_MKF_v1_0/CKR_MKF_v1_0/README.md"
    },
    {
      "from": "imports/CKR_MKF_v1_0/CKR_MKF_v1_0/source/CKR_01_BRAND_&_VOICE_MANDATE .yaml",
      "to": "core/CKR_MKF_v1_0/CKR_MKF_v1_0/source/CKR_01_BRAND_&_VOICE_MANDATE .yaml"
    },
    {
      "from": "imports/CKR_MKF_v1_0/CKR_MKF_v1_0/source/CKR_02_WEB_DESIGN_SYSTEM.json",
      "to": "core/CKR_MKF_v1_0/CKR_MKF_v1_0/source/CKR_02_WEB_DESIGN_SYSTEM.json"
    },
    {
      "from": "imports/CKR_MKF_v1_0/CKR_MKF_v1_0/source/CKR_03_SEO_KEYWORD_MATRIX.csv",
      "to": "core/CKR_MKF_v1_0/CKR_MKF_v1_0/source/CKR_03_SEO_KEYWORD_MATRIX.csv"
    },
    {
      "from": "imports/CKR_MKF_v1_0/CKR_MKF_v1_0/source/CKR_04_PROOF_POINTS.json",
      "to": "core/CKR_MKF_v1_0/CKR_MKF_v1_0/source/CKR_04_PROOF_POINTS.json"
    },
    {
      "from": "imports/CKR_MKF_v1_0/CKR_MKF_v1_0/source/CKR_05_SERVICE_HIERARCHY_&_SOP_SUMMARY.yaml",
      "to": "core/CKR_MKF_v1_0/CKR_MKF_v1_0/source/CKR_05_SERVICE_HIERARCHY_&_SOP_SUMMARY.yaml"
    },
    {
      "from": "imports/CKR_MKF_v1_0/CKR_MKF_v1_0/source/KF_00_SYSTEM META_&_GOVERNANCE_DOCTRINE.md",
      "to": "core/CKR_MKF_v1_0/CKR_MKF_v1_0/source/KF_00_SYSTEM META_&_GOVERNANCE_DOCTRINE.md"
    },
    {
      "from": "imports/CKR_MKF_v1_0/CKR_MKF_v1_0/source/KF_01_&_10_BRANCE_SYSTEM_CORE_MANDATE.txt",
      "to": "core/CKR_MKF_v1_0/CKR_MKF_v1_0/source/KF_01_&_10_BRANCE_SYSTEM_CORE_MANDATE.txt"
    },
    {
      "from": "imports/CKR_MKF_v1_0/CKR_MKF_v1_0/source/KF_02_PRICING_MODEL.json",
      "to": "core/CKR_MKF_v1_0/CKR_MKF_v1_0/source/KF_02_PRICING_MODEL.json"
    },
    {
      "from": "imports/CKR_MKF_v1_0/CKR_MKF_v1_0/source/KF_03_-_05_SOP_ALL.txt",
      "to": "core/CKR_MKF_v1_0/CKR_MKF_v1_0/source/KF_03_-_05_SOP_ALL.txt"
    },
    {
      "from": "imports/CKR_MKF_v1_0/CKR_MKF_v1_0/source/KF_06_&_09_MARKETING_COPY_KIT_&_VOICE_TONE.txt",
      "to": "core/CKR_MKF_v1_0/CKR_MKF_v1_0/source/KF_06_&_09_MARKETING_COPY_KIT_&_VOICE_TONE.txt"
    },
    {
      "from": "imports/CKR_MKF_v1_0/CKR_MKF_v1_0/source/KF_06_WEB_DEVELOPMENT_DOCTRINE.txt",
      "to": "core/CKR_MKF_v1_0/CKR_MKF_v1_0/source/KF_06_WEB_DEVELOPMENT_DOCTRINE.txt"
    },
    {
      "from": "imports/CKR_MKF_v1_0/CKR_MKF_v1_0/source/KF_07_SYSTEM_INTEGRATION_MAP.md",
      "to": "core/CKR_MKF_v1_0/CKR_MKF_v1_0/source/KF_07_SYSTEM_INTEGRATION_MAP.md"
    },
    {
      "from": "imports/CKR_MKF_v1_0/CKR_MKF_v1_0/source/KF_08_CASE_STUDIES.json",
      "to": "core/CKR_MKF_v1_0/CKR_MKF_v1_0/source/KF_08_CASE_STUDIES.json"
    },
    {
      "from": "imports/CKR_MKF_v1_0/CKR_MKF_v1_0/source/KNOWLEDGE_FILE__GWA_FILE_03_PROJECT_CLOSEOUT.md",
      "to": "core/CKR_MKF_v1_0/CKR_MKF_v1_0/source/KNOWLEDGE_FILE__GWA_FILE_03_PROJECT_CLOSEOUT.md"
    },
    {
      "from": "imports/CKR_MKF_v1_0/CKR_MKF_v1_0/source/KNOWLEDGE_FILE__GWA_FILE_05_REPUTATION_ALERT.md",
      "to": "core/CKR_MKF_v1_0/CKR_MKF_v1_0/source/KNOWLEDGE_FILE__GWA_FILE_05_REPUTATION_ALERT.md"
    },
    {
      "from": "imports/CKR_MKF_v1_0/CKR_MKF_v1_0/source/KNOWLEDGE_FILE__GWA_FILE_06_QUOTE_FOLLOWUP.md",
      "to": "core/CKR_MKF_v1_0/CKR_MKF_v1_0/source/KNOWLEDGE_FILE__GWA_FILE_06_QUOTE_FOLLOWUP.md"
    },
    {
      "from": "imports/CKR_MKF_v1_0/CKR_MKF_v1_0/source/KNOWLEDGE_FILE__GWA_FILE_07_CASE_STUDY_DRAFTING.md",
      "to": "core/CKR_MKF_v1_0/CKR_MKF_v1_0/source/KNOWLEDGE_FILE__GWA_FILE_07_CASE_STUDY_DRAFTING.md"
    },
    {
      "from": "imports/CKR_MKF_v1_0/CKR_MKF_v1_0/source/KNOWLEDGE_FILE__GWA_FILE_08_SUBCONTRACTOR_BRIEFING.md",
      "to": "core/CKR_MKF_v1_0/CKR_MKF_v1_0/source/KNOWLEDGE_FILE__GWA_FILE_08_SUBCONTRACTOR_BRIEFING.md"
    },
    {
      "from": "imports/CKR_MKF_v1_0/CKR_MKF_v1_0/source/KNOWLEDGE_FILE__GWA_FILE_09_MARKETING_GENERATION.m.md",
      "to": "core/CKR_MKF_v1_0/CKR_MKF_v1_0/source/KNOWLEDGE_FILE__GWA_FILE_09_MARKETING_GENERATION.m.md"
    },
    {
      "from": "imports/CKR_MKF_v1_0/CKR_MKF_v1_0/source/KNOWLEDGE_FILE__GWA_FILE_10_FINANCIAL_REPORTING.md",
      "to": "core/CKR_MKF_v1_0/CKR_MKF_v1_0/source/KNOWLEDGE_FILE__GWA_FILE_10_FINANCIAL_REPORTING.md"
    },
    {
      "from": "imports/CKR_MKF_v1_0/CKR_MKF_v1_0/source/KNOWLEDGE_FILE__GWA_FILE_11_SOP_RISK_ASSESSMENT.md",
      "to": "core/CKR_MKF_v1_0/CKR_MKF_v1_0/source/KNOWLEDGE_FILE__GWA_FILE_11_SOP_RISK_ASSESSMENT.md"
    },
    {
      "from": "imports/CKR_MKF_v1_0/CKR_MKF_v1_0/source/KNOWLEDGE_FILE__GWA_FILE_12_INTELLIGENT_TRIAGE.md",
      "to": "core/CKR_MKF_v1_0/CKR_MKF_v1_0/source/KNOWLEDGE_FILE__GWA_FILE_12_INTELLIGENT_TRIAGE.md"
    },
    {
      "from": "imports/CKR_MKF_v1_0/CKR_MKF_v1_0/source/KNOWLEDGE_FILE__GWA_FILE_13_LEAD_NURTURE.md",
      "to": "core/CKR_MKF_v1_0/CKR_MKF_v1_0/source/KNOWLEDGE_FILE__GWA_FILE_13_LEAD_NURTURE.md"
    },
    {
      "from": "imports/CKR_MKF_v1_0/CKR_MKF_v1_0/source/KNOWLEDGE_FILE__GWA_FILE_14_SYSTEMS_ORCHESTRATOR.m.md",
      "to": "core/CKR_MKF_v1_0/CKR_MKF_v1_0/source/KNOWLEDGE_FILE__GWA_FILE_14_SYSTEMS_ORCHESTRATOR.m.md"
    },
    {
      "from": "imports/CKR_MKF_v1_0/CKR_MKF_v1_0/source/KNOWLEDGE_FILE__GWA_FILE_14_SYSTEMS_ORCHESTRATOR.m_1.md",
      "to": "core/CKR_MKF_v1_0/CKR_MKF_v1_0/source/KNOWLEDGE_FILE__GWA_FILE_14_SYSTEMS_ORCHESTRATOR.m_1.md"
    },
    {
      "from": "imports/CKR_MKF_v1_0/CKR_MKF_v1_0/mkf/mkf_index.json",
      "to": "core/CKR_MKF_v1_0/CKR_MKF_v1_0/mkf/mkf_index.json"
    },
    {
      "from": "imports/CKR_MKF_v1_0/CKR_MKF_v1_0/mkf/MKF_00.md",
      "to": "core/CKR_MKF_v1_0/CKR_MKF_v1_0/mkf/MKF_00.md"
    },
    {
      "from": "imports/CKR_MKF_v1_0/CKR_MKF_v1_0/mkf/MKF_01.md",
      "to": "core/CKR_MKF_v1_0/CKR_MKF_v1_0/mkf/MKF_01.md"
    },
    {
      "from": "imports/CKR_MKF_v1_0/CKR_MKF_v1_0/mkf/MKF_02.md",
      "to": "core/CKR_MKF_v1_0/CKR_MKF_v1_0/mkf/MKF_02.md"
    },
    {
      "from": "imports/CKR_MKF_v1_0/CKR_MKF_v1_0/mkf/MKF_03.md",
      "to": "core/CKR_MKF_v1_0/CKR_MKF_v1_0/mkf/MKF_03.md"
    },
    {
      "from": "imports/CKR_MKF_v1_0/CKR_MKF_v1_0/mkf/MKF_04.md",
      "to": "core/CKR_MKF_v1_0/CKR_MKF_v1_0/mkf/MKF_04.md"
    },
    {
      "from": "imports/CKR_MKF_v1_0/CKR_MKF_v1_0/mkf/MKF_05.md",
      "to": "core/CKR_MKF_v1_0/CKR_MKF_v1_0/mkf/MKF_05.md"
    },
    {
      "from": "imports/CKR_MKF_v1_0/CKR_MKF_v1_0/mkf/MKF_06.md",
      "to": "core/CKR_MKF_v1_0/CKR_MKF_v1_0/mkf/MKF_06.md"
    },
    {
      "from": "imports/CKR_MKF_v1_0/CKR_MKF_v1_0/mkf/MKF_07.md",
      "to": "core/CKR_MKF_v1_0/CKR_MKF_v1_0/mkf/MKF_07.md"
    },
    {
      "from": "imports/CKR_MKF_v1_0/CKR_MKF_v1_0/mkf/MKF_08.md",
      "to": "core/CKR_MKF_v1_0/CKR_MKF_v1_0/mkf/MKF_08.md"
    },
    {
      "from": "imports/CKR_MKF_v1_0/CKR_MKF_v1_0/mkf/MKF_09.md",
      "to": "core/CKR_MKF_v1_0/CKR_MKF_v1_0/mkf/MKF_09.md"
    },
    {
      "from": "imports/CKR_MKF_v1_0/CKR_MKF_v1_0/mkf/MKF_10.md",
      "to": "core/CKR_MKF_v1_0/CKR_MKF_v1_0/mkf/MKF_10.md"
    },
    {
      "from": "imports/CKR_MKF_v1_0/CKR_MKF_v1_0/mkf/MKF_11.md",
      "to": "core/CKR_MKF_v1_0/CKR_MKF_v1_0/mkf/MKF_11.md"
    },
    {
      "from": "imports/CKR_MKF_v1_0/CKR_MKF_v1_0/mkf/MKF_12.md",
      "to": "core/CKR_MKF_v1_0/CKR_MKF_v1_0/mkf/MKF_12.md"
    },
    {
      "from": "imports/CKR_MKF_v1_0/CKR_MKF_v1_0/mkf/MKF_13.md",
      "to": "core/CKR_MKF_v1_0/CKR_MKF_v1_0/mkf/MKF_13.md"
    },
    {
      "from": "imports/CKR_MKF_v1_0/CKR_MKF_v1_0/mkf/MKF_14.md",
      "to": "core/CKR_MKF_v1_0/CKR_MKF_v1_0/mkf/MKF_14.md"
    },
    {
      "from": "imports/CKR_MKF_v1_0/CKR_MKF_v1_0/mkf/schemas/mkf_case_study_schema.json",
      "to": "schema/CKR_MKF_v1_0/CKR_MKF_v1_0/mkf/schemas/mkf_case_study_schema.json"
    },
    {
      "from": "imports/CKR_MKF_v1_0/CKR_MKF_v1_0/mkf/schemas/mkf_quote_schema.json",
      "to": "schema/CKR_MKF_v1_0/CKR_MKF_v1_0/mkf/schemas/mkf_quote_schema.json"
    },
    {
      "from": "imports/CKR_MKF_v1_0/CKR_MKF_v1_0/mkf/schemas/mkf_measurement_schema.json",
      "to": "schema/CKR_MKF_v1_0/CKR_MKF_v1_0/mkf/schemas/mkf_measurement_schema.json"
    },
    {
      "from": "imports/CKR_SYSTEM_v5/README.md",
      "to": "core/CKR_SYSTEM_v5/README.md"
    },
    {
      "from": "imports/CKR_SYSTEM_v5/core/KF_01_BRAND_AND_VOICE.yaml",
      "to": "core/CKR_SYSTEM_v5/core/KF_01_BRAND_AND_VOICE.yaml"
    },
    {
      "from": "imports/CKR_SYSTEM_v5/core/KF_05_SERVICE_HIERARCHY_AND_SOP_SUMMARY.yaml",
      "to": "core/CKR_SYSTEM_v5/core/KF_05_SERVICE_HIERARCHY_AND_SOP_SUMMARY.yaml"
    },
    {
      "from": "imports/CKR_SYSTEM_v5/core/KF_00_SYSTEM_META_AND_GOVERNANCE_DOCTRINE.md",
      "to": "core/CKR_SYSTEM_v5/core/KF_00_SYSTEM_META_AND_GOVERNANCE_DOCTRINE.md"
    },
    {
      "from": "imports/CKR_SYSTEM_v5/core/KF_01_AND_10_BRAND_SYSTEM_CORE_MANDATE.txt",
      "to": "core/CKR_SYSTEM_v5/core/KF_01_AND_10_BRAND_SYSTEM_CORE_MANDATE.txt"
    },
    {
      "from": "imports/CKR_SYSTEM_v5/core/KF_02_PRICING_MODEL.json",
      "to": "core/CKR_SYSTEM_v5/core/KF_02_PRICING_MODEL.json"
    },
    {
      "from": "imports/CKR_SYSTEM_v5/core/KF_03_05_SOP_ALL.txt",
      "to": "core/CKR_SYSTEM_v5/core/KF_03_05_SOP_ALL.txt"
    },
    {
      "from": "imports/CKR_SYSTEM_v5/core/KF_06_WEB_DEVELOPMENT_DOCTRINE.txt",
      "to": "core/CKR_SYSTEM_v5/core/KF_06_WEB_DEVELOPMENT_DOCTRINE.txt"
    },
    {
      "from": "imports/CKR_SYSTEM_v5/core/KF_06_09_MARKETING_COPY_KIT_AND_VOICE_TONE.txt",
      "to": "core/CKR_SYSTEM_v5/core/KF_06_09_MARKETING_COPY_KIT_AND_VOICE_TONE.txt"
    },
    {
      "from": "imports/CKR_SYSTEM_v5/core/KF_07_SYSTEM_INTEGRATION_MAP.md",
      "to": "core/CKR_SYSTEM_v5/core/KF_07_SYSTEM_INTEGRATION_MAP.md"
    },
    {
      "from": "imports/CKR_SYSTEM_v5/core/KF_08_CASE_STUDIES.json",
      "to": "core/CKR_SYSTEM_v5/core/KF_08_CASE_STUDIES.json"
    },
    {
      "from": "imports/CKR_SYSTEM_v5/deploy/lovable_manifest.json",
      "to": "core/CKR_SYSTEM_v5/deploy/lovable_manifest.json"
    },
    {
      "from": "imports/CKR_SYSTEM_v5/deploy/github_actions.yaml",
      "to": "core/CKR_SYSTEM_v5/deploy/github_actions.yaml"
    },
    {
      "from": "imports/CKR_SYSTEM_v5/deploy/supabase_config.json",
      "to": "schema/CKR_SYSTEM_v5/deploy/supabase_config.json"
    },
    {
      "from": "imports/CKR_SYSTEM_v5/deploy/README_DEPLOY.md",
      "to": "core/CKR_SYSTEM_v5/deploy/README_DEPLOY.md"
    },
    {
      "from": "imports/CKR_SYSTEM_v5/frontend/CKR_02_WEB_DESIGN_SYSTEM.json",
      "to": "frontend/CKR_SYSTEM_v5/frontend/CKR_02_WEB_DESIGN_SYSTEM.json"
    },
    {
      "from": "imports/CKR_SYSTEM_v5/frontend/CKR_03_SEO_KEYWORD_MATRIX.csv",
      "to": "frontend/CKR_SYSTEM_v5/frontend/CKR_03_SEO_KEYWORD_MATRIX.csv"
    },
    {
      "from": "imports/CKR_SYSTEM_v5/frontend/CKR_04_PROOF_POINTS.json",
      "to": "frontend/CKR_SYSTEM_v5/frontend/CKR_04_PROOF_POINTS.json"
    },
    {
      "from": "imports/CKR_SYSTEM_v5/frontend/brand_assets/colours.yaml",
      "to": "frontend/CKR_SYSTEM_v5/frontend/brand_assets/colours.yaml"
    },
    {
      "from": "imports/CKR_SYSTEM_v5/frontend/brand_assets/typography.yaml",
      "to": "frontend/CKR_SYSTEM_v5/frontend/brand_assets/typography.yaml"
    },
    {
      "from": "imports/CKR_SYSTEM_v5/frontend/brand_assets/slogans.yaml",
      "to": "frontend/CKR_SYSTEM_v5/frontend/brand_assets/slogans.yaml"
    },
    {
      "from": "imports/CKR_SYSTEM_v5/frontend/brand_assets/visuals.md",
      "to": "frontend/CKR_SYSTEM_v5/frontend/brand_assets/visuals.md"
    },
    {
      "from": "imports/CKR_SYSTEM_v5/gwa/GWA_FILE_14_SYSTEMS_ORCHESTRATOR.md",
      "to": "gwa/CKR_SYSTEM_v5/gwa/GWA_FILE_14_SYSTEMS_ORCHESTRATOR.md"
    },
    {
      "from": "imports/CKR_SYSTEM_v5/gwa/GWA_FILE_12_INTELLIGENT_TRIAGE.md",
      "to": "gwa/CKR_SYSTEM_v5/gwa/GWA_FILE_12_INTELLIGENT_TRIAGE.md"
    },
    {
      "from": "imports/CKR_SYSTEM_v5/gwa/GWA_FILE_13_LEAD_NURTURE.md",
      "to": "gwa/CKR_SYSTEM_v5/gwa/GWA_FILE_13_LEAD_NURTURE.md"
    },
    {
      "from": "imports/CKR_SYSTEM_v5/gwa/GWA_FILE_11_SOP_RISK_ASSESSMENT.md",
      "to": "gwa/CKR_SYSTEM_v5/gwa/GWA_FILE_11_SOP_RISK_ASSESSMENT.md"
    },
    {
      "from": "imports/CKR_SYSTEM_v5/gwa/GWA_FILE_09_MARKETING_GENERATION.md",
      "to": "gwa/CKR_SYSTEM_v5/gwa/GWA_FILE_09_MARKETING_GENERATION.md"
    },
    {
      "from": "imports/CKR_SYSTEM_v5/gwa/GWA_FILE_10_FINANCIAL_REPORTING.md",
      "to": "gwa/CKR_SYSTEM_v5/gwa/GWA_FILE_10_FINANCIAL_REPORTING.md"
    },
    {
      "from": "imports/CKR_SYSTEM_v5/gwa/GWA_FILE_07_CASE_STUDY_DRAFTING.md",
      "to": "gwa/CKR_SYSTEM_v5/gwa/GWA_FILE_07_CASE_STUDY_DRAFTING.md"
    },
    {
      "from": "imports/CKR_SYSTEM_v5/gwa/GWA_FILE_05_REPUTATION_ALERT.md",
      "to": "gwa/CKR_SYSTEM_v5/gwa/GWA_FILE_05_REPUTATION_ALERT.md"
    },
    {
      "from": "imports/CKR_SYSTEM_v5/gwa/GWA_FILE_08_SUBCONTRACTOR_BRIEFING.md",
      "to": "gwa/CKR_SYSTEM_v5/gwa/GWA_FILE_08_SUBCONTRACTOR_BRIEFING.md"
    },
    {
      "from": "imports/CKR_SYSTEM_v5/gwa/GWA_FILE_06_QUOTE_FOLLOWUP.md",
      "to": "gwa/CKR_SYSTEM_v5/gwa/GWA_FILE_06_QUOTE_FOLLOWUP.md"
    },
    {
      "from": "imports/CKR_SYSTEM_v5/gwa/GWA_FILE_03_PROJECT_CLOSEOUT.md",
      "to": "gwa/CKR_SYSTEM_v5/gwa/GWA_FILE_03_PROJECT_CLOSEOUT.md"
    },
    {
      "from": "imports/CKR_SYSTEM_v5/prompts/CKR_GEM_v4_PROMPT.md",
      "to": "prompts/CKR_SYSTEM_v5/prompts/CKR_GEM_v4_PROMPT.md"
    },
    {
      "from": "imports/CKR_SYSTEM_v5/prompts/AGENT_CORE_PROMPT.md",
      "to": "prompts/CKR_SYSTEM_v5/prompts/AGENT_CORE_PROMPT.md"
    },
    {
      "from": "imports/CKR_SYSTEM_v5/prompts/META_AD_PACK_PROMPT.md",
      "to": "prompts/CKR_SYSTEM_v5/prompts/META_AD_PACK_PROMPT.md"
    },
    {
      "from": "imports/CKR_SYSTEM_v5/prompts/BLOG_SEO_LOCAL_PROMPT.md",
      "to": "prompts/CKR_SYSTEM_v5/prompts/BLOG_SEO_LOCAL_PROMPT.md"
    },
    {
      "from": "imports/CKR_SYSTEM_v5/prompts/FLYER_A5_PROMPT.md",
      "to": "prompts/CKR_SYSTEM_v5/prompts/FLYER_A5_PROMPT.md"
    },
    {
      "from": "imports/CKR_SYSTEM_v5/schema/supabase_schema.sql",
      "to": "schema/CKR_SYSTEM_v5/schema/supabase_schema.sql"
    },
    {
      "from": "imports/CKR_SYSTEM_v5/schema/supabase_seed_data.json",
      "to": "schema/CKR_SYSTEM_v5/schema/supabase_seed_data.json"
    },
    {
      "from": "imports/CKR_SYSTEM_v5/schema/rag_index/case_studies.jsonl",
      "to": "schema/CKR_SYSTEM_v5/schema/rag_index/case_studies.jsonl"
    },
    {
      "from": "imports/CKR_SYSTEM_v5/schema/rag_index/jobs.jsonl",
      "to": "schema/CKR_SYSTEM_v5/schema/rag_index/jobs.jsonl"
    },
    {
      "from": "imports/CKR_SYSTEM_v5/schema/rag_index/leads.jsonl",
      "to": "gwa/CKR_SYSTEM_v5/schema/rag_index/leads.jsonl"
    },
    {
      "from": "imports/CKR_SYSTEM_v5/schema/rag_index/prompts.jsonl",
      "to": "prompts/CKR_SYSTEM_v5/schema/rag_index/prompts.jsonl"
    }
  ],
  "skipped": [
    "imports/_import_log.json",
    "imports/_inventory.json",
    "imports/2025-10-12_08_30/2025-10-12_08_30/Proof In Every Roof - Ad 10.mp4",
    "imports/2025-10-12_08_30/2025-10-12_08_30/Join the Durable Defence Trend - Ad 11.png",
    "imports/2025-10-12_08_30/2025-10-12_08_30/Proof In Every Roof - Ad 12.png",
    "imports/2025-10-12_08_30/2025-10-12_08_30/Proof In Every Roof - Ad 13.png",
    "imports/2025-10-12_08_30/2025-10-12_08_30/Proof In Every Roof - Ad 14.png",
    "imports/CKR_MKF_v1_0/CKR_MKF_v1_0/code_snippets/ProtectedLayout.tsx",
    "imports/CKR_MKF_v1_0/CKR_MKF_v1_0/code_snippets/useQuerySafe.ts",
    "imports/CKR_MKF_v1_0/CKR_MKF_v1_0/code_snippets/audit.ts",
    "imports/CKR_MKF_v1_0/CKR_MKF_v1_0/code_snippets/SkeletonCard.tsx",
    "imports/CKR_MKF_v1_0/CKR_MKF_v1_0/code_snippets/Breadcrumbs.tsx",
    "imports/CKR_MKF_v1_0/CKR_MKF_v1_0/code_snippets/MapsKeyBanner.tsx",
    "imports/CKR_SYSTEM_v5/deploy/env.example"
  ]
}