{
  "name": "CKR_SYSTEM_v5",
  "version": "5.0.0",
  "ingest": {
    "markdown": [
      "core",
      "gwa",
      "prompts",
      "frontend/brand_assets"
    ],
    "yaml": [
      "core",
      "gwa",
      "frontend/brand_assets"
    ],
    "json": [
      "core",
      "frontend",
      "schema",
      "prompts"
    ],
    "csv": [
      "frontend"
    ],
    "sql": [
      "schema"
    ],
    "jsonl": [
      "schema/rag_index"
    ]
  },
  "metadata": {
    "author": "Call Kaids Roofing",
    "abn": "39475055075",
    "phone": "0435 900 709",
    "email": "callkaidsroofing@outlook.com",
    "created_at": "2025-11-10 23:27:36 "
  }
}