{
  "root": "/mnt/data/CKR_SYSTEM_v5",
  "zip_path": "/mnt/data/CKR_SYSTEM_v5.zip",
  "files_copied": [
    {
      "from": "/mnt/data/CKR_01_BRAND_&_VOICE_MANDATE .yaml",
      "to": "/mnt/data/CKR_SYSTEM_v5/core/KF_01_BRAND_AND_VOICE.yaml"
    },
    {
      "from": "/mnt/data/CKR_02_WEB_DESIGN_SYSTEM.json",
      "to": "/mnt/data/CKR_SYSTEM_v5/frontend/CKR_02_WEB_DESIGN_SYSTEM.json"
    },
    {
      "from": "/mnt/data/CKR_03_SEO_KEYWORD_MATRIX.csv",
      "to": "/mnt/data/CKR_SYSTEM_v5/frontend/CKR_03_SEO_KEYWORD_MATRIX.csv"
    },
    {
      "from": "/mnt/data/CKR_04_PROOF_POINTS.json",
      "to": "/mnt/data/CKR_SYSTEM_v5/frontend/CKR_04_PROOF_POINTS.json"
    },
    {
      "from": "/mnt/data/CKR_05_SERVICE_HIERARCHY_&_SOP_SUMMARY.yaml",
      "to": "/mnt/data/CKR_SYSTEM_v5/core/KF_05_SERVICE_HIERARCHY_AND_SOP_SUMMARY.yaml"
    },
    {
      "from": "/mnt/data/KF_00_SYSTEM META_&_GOVERNANCE_DOCTRINE.md",
      "to": "/mnt/data/CKR_SYSTEM_v5/core/KF_00_SYSTEM_META_AND_GOVERNANCE_DOCTRINE.md"
    },
    {
      "from": "/mnt/data/KF_01_&_10_BRANCE_SYSTEM_CORE_MANDATE.txt",
      "to": "/mnt/data/CKR_SYSTEM_v5/core/KF_01_AND_10_BRAND_SYSTEM_CORE_MANDATE.txt"
    },
    {
      "from": "/mnt/data/KF_02_PRICING_MODEL.json",
      "to": "/mnt/data/CKR_SYSTEM_v5/core/KF_02_PRICING_MODEL.json"
    },
    {
      "from": "/mnt/data/KF_03_-_05_SOP_ALL.txt",
      "to": "/mnt/data/CKR_SYSTEM_v5/core/KF_03_05_SOP_ALL.txt"
    },
    {
      "from": "/mnt/data/KF_06_WEB_DEVELOPMENT_DOCTRINE.txt",
      "to": "/mnt/data/CKR_SYSTEM_v5/core/KF_06_WEB_DEVELOPMENT_DOCTRINE.txt"
    },
    {
      "from": "/mnt/data/KF_06_&_09_MARKETING_COPY_KIT_&_VOICE_TONE.txt",
      "to": "/mnt/data/CKR_SYSTEM_v5/core/KF_06_09_MARKETING_COPY_KIT_AND_VOICE_TONE.txt"
    },
    {
      "from": "/mnt/data/KF_07_SYSTEM_INTEGRATION_MAP.md",
      "to": "/mnt/data/CKR_SYSTEM_v5/core/KF_07_SYSTEM_INTEGRATION_MAP.md"
    },
    {
      "from": "/mnt/data/KF_08_CASE_STUDIES.json",
      "to": "/mnt/data/CKR_SYSTEM_v5/core/KF_08_CASE_STUDIES.json"
    },
    {
      "from": "/mnt/data/KNOWLEDGE_FILE__GWA_FILE_14_SYSTEMS_ORCHESTRATOR.m_1.md",
      "to": "/mnt/data/CKR_SYSTEM_v5/gwa/GWA_FILE_14_SYSTEMS_ORCHESTRATOR.md"
    },
    {
      "from": "/mnt/data/KNOWLEDGE_FILE__GWA_FILE_12_INTELLIGENT_TRIAGE.md",
      "to": "/mnt/data/CKR_SYSTEM_v5/gwa/GWA_FILE_12_INTELLIGENT_TRIAGE.md"
    },
    {
      "from": "/mnt/data/KNOWLEDGE_FILE__GWA_FILE_13_LEAD_NURTURE.md",
      "to": "/mnt/data/CKR_SYSTEM_v5/gwa/GWA_FILE_13_LEAD_NURTURE.md"
    },
    {
      "from": "/mnt/data/KNOWLEDGE_FILE__GWA_FILE_11_SOP_RISK_ASSESSMENT.md",
      "to": "/mnt/data/CKR_SYSTEM_v5/gwa/GWA_FILE_11_SOP_RISK_ASSESSMENT.md"
    },
    {
      "from": "/mnt/data/KNOWLEDGE_FILE__GWA_FILE_09_MARKETING_GENERATION.m.md",
      "to": "/mnt/data/CKR_SYSTEM_v5/gwa/GWA_FILE_09_MARKETING_GENERATION.md"
    },
    {
      "from": "/mnt/data/KNOWLEDGE_FILE__GWA_FILE_10_FINANCIAL_REPORTING.md",
      "to": "/mnt/data/CKR_SYSTEM_v5/gwa/GWA_FILE_10_FINANCIAL_REPORTING.md"
    },
    {
      "from": "/mnt/data/KNOWLEDGE_FILE__GWA_FILE_07_CASE_STUDY_DRAFTING.md",
      "to": "/mnt/data/CKR_SYSTEM_v5/gwa/GWA_FILE_07_CASE_STUDY_DRAFTING.md"
    },
    {
      "from": "/mnt/data/KNOWLEDGE_FILE__GWA_FILE_05_REPUTATION_ALERT.md",
      "to": "/mnt/data/CKR_SYSTEM_v5/gwa/GWA_FILE_05_REPUTATION_ALERT.md"
    },
    {
      "from": "/mnt/data/KNOWLEDGE_FILE__GWA_FILE_08_SUBCONTRACTOR_BRIEFING.md",
      "to": "/mnt/data/CKR_SYSTEM_v5/gwa/GWA_FILE_08_SUBCONTRACTOR_BRIEFING.md"
    },
    {
      "from": "/mnt/data/KNOWLEDGE_FILE__GWA_FILE_06_QUOTE_FOLLOWUP.md",
      "to": "/mnt/data/CKR_SYSTEM_v5/gwa/GWA_FILE_06_QUOTE_FOLLOWUP.md"
    },
    {
      "from": "/mnt/data/KNOWLEDGE_FILE__GWA_FILE_03_PROJECT_CLOSEOUT.md",
      "to": "/mnt/data/CKR_SYSTEM_v5/gwa/GWA_FILE_03_PROJECT_CLOSEOUT.md"
    }
  ],
  "files_missing": []
}